{"cameraMode":{"drawMode":0,"name":"Shaded","section":"Shading Mode"},"sceneLighting":false,"audioPlay":false,"sceneViewState":{"m_AlwaysRefresh":false,"showFog":true,"showSkybox":false,"showFlares":true,"showImageEffects":true,"showParticleSystems":true,"showVisualEffectGraphs":true,"m_FxEnabled":true},"in2DMode":false,"pivot":{"x":-7.6220550537109379,"y":15.932666778564454,"z":1.2077211141586304},"rotation":{"x":0.08397947251796723,"y":-0.8695545792579651,"z":0.15879100561141969,"w":0.4600304663181305},"size":0.03464098274707794,"orthographic":false}